loss,tokens_per_step,tokens_per_second,mfu,tokens_per_second_per_gpu,memory_usage,trained_tokens,goodput,throughput,statistical_efficiency,batch_size,max_seq_length
1.0,512.0,10.21875,528.0,5471.574724826743,0.5888540945576576,2735.787362413372,7.803502592,948816.0,0.3208827253189401,164.29196563154457,0.0019531248779296,8.0,512.0
16.0,512.0,46.2663845926927,0.4139374537005164,1923.1331922963464,12.861833216,673472.0,0.2199895153810062,225.2692707898149,0.0009765624694824,0,16.0,512.0,
10.25,576.0,2185.2604888779542,0.2351790208972424,1092.6302444389771,21.665677312,236736.0,0.0,0.1354321728618339,0.0,32.0,512.0
10.25,640.0,1468.7794599391882,0.15807091056674966,734.3897299695941,39.33208576,263680.0,0.0,293.2456197962753,0.0,64.0,512.0
