loss,tokens_per_step,tokens_per_second,mfu,tokens_per_second_per_gpu,memory_usage,trained_tokens,goodput,throughput,statistical_efficiency,batch_size,max_seq_length
1.0,512.0,34386234268.0,0.582058894129665,2704.217193117134,3.445620736,1120006.0,0.0,20.850472876625485,0.0,1.0,512.0,
10.1875,528.0,6135.302103563008,0.6602848259822836,3067.651051781504,6.61651456,1040688.0,0.3588308044233519,183.721383347342,0.0019531248779296,8.0,512.0
16.0,512.0,71143856256.0,0.4211330448207543,1956.5635571928128,11.616124928,682176.0,0.0,229.22230688377104,0.0,16.0,512.0,
10.1875,576.0,2453.215336764836,0.2640164794480366,1226.6076683824178,20.422066176,436608.0,0.0,271.6501106264503,0.0,32.0,512.0
10.25,640.0,1472.3119923827242,0.15845108378892928,736.1559961913621,38.088474624,264320.0,0.0,293.998767249127,0.0,64.0,512.0
