loss,tokens_per_step,tokens_per_second,mfu,tokens_per_second_per_gpu,memory_usage,trained_tokens,goodput,throughput,statistical_efficiency,batch_size,max_seq_length
10.125,520,6012.112444662517,0.5885154322879693,3006.0562223312586,5.3477376,1031160,0.0,91.61064509349669,0.0,8,512
10.125,528,4769.344190343693,0.46686296767488217,2384.6720951718466,9.166651392,828432,0.0,143.76203353961898,0.0,16,512
